-- MySQL dump 10.13  Distrib 8.0.23, for Win64 (x86_64)
--
-- Host: localhost    Database: vk
-- ------------------------------------------------------
-- Server version	8.0.23

/*!40101 SET @OLD_CHARACTER_SET_CLIENT=@@CHARACTER_SET_CLIENT */;
/*!40101 SET @OLD_CHARACTER_SET_RESULTS=@@CHARACTER_SET_RESULTS */;
/*!40101 SET @OLD_COLLATION_CONNECTION=@@COLLATION_CONNECTION */;
/*!50503 SET NAMES utf8mb4 */;
/*!40103 SET @OLD_TIME_ZONE=@@TIME_ZONE */;
/*!40103 SET TIME_ZONE='+00:00' */;
/*!40014 SET @OLD_UNIQUE_CHECKS=@@UNIQUE_CHECKS, UNIQUE_CHECKS=0 */;
/*!40014 SET @OLD_FOREIGN_KEY_CHECKS=@@FOREIGN_KEY_CHECKS, FOREIGN_KEY_CHECKS=0 */;
/*!40101 SET @OLD_SQL_MODE=@@SQL_MODE, SQL_MODE='NO_AUTO_VALUE_ON_ZERO' */;
/*!40111 SET @OLD_SQL_NOTES=@@SQL_NOTES, SQL_NOTES=0 */;

--
-- Table structure for table `communities`
--

DROP TABLE IF EXISTS `communities`;
/*!40101 SET @saved_cs_client     = @@character_set_client */;
/*!50503 SET character_set_client = utf8mb4 */;
CREATE TABLE `communities` (
  `id` int unsigned NOT NULL AUTO_INCREMENT,
  `name` varchar(150) CHARACTER SET utf8mb4 COLLATE utf8mb4_unicode_ci NOT NULL,
  `created_at` datetime DEFAULT CURRENT_TIMESTAMP,
  `updated_at` datetime DEFAULT CURRENT_TIMESTAMP ON UPDATE CURRENT_TIMESTAMP,
  PRIMARY KEY (`id`),
  UNIQUE KEY `name` (`name`)
) ENGINE=InnoDB AUTO_INCREMENT=101 DEFAULT CHARSET=utf8mb4 COLLATE=utf8mb4_unicode_ci;
/*!40101 SET character_set_client = @saved_cs_client */;

--
-- Dumping data for table `communities`
--

LOCK TABLES `communities` WRITE;
/*!40000 ALTER TABLE `communities` DISABLE KEYS */;
INSERT INTO `communities` VALUES (1,'aspernatur','1985-04-19 13:35:12','2008-10-03 08:19:13'),(2,'ea','2013-07-11 04:30:21','1999-06-13 16:37:04'),(3,'possimus','1983-02-27 14:41:14','1976-04-14 11:36:24'),(4,'porro','1970-07-12 17:34:01','2011-11-22 21:06:32'),(5,'culpa','2003-05-22 11:11:43','1990-12-20 17:51:55'),(6,'quia','1997-09-04 19:24:44','2004-04-01 15:05:48'),(7,'sint','1991-01-15 09:05:11','1976-08-22 12:10:43'),(8,'consequatur','1987-08-11 22:21:58','1998-06-12 15:58:06'),(9,'molestiae','1983-05-17 22:41:50','1996-12-30 08:17:43'),(10,'rerum','1979-03-21 06:37:50','1988-05-20 15:42:01'),(11,'non','2011-03-04 14:29:46','1974-07-03 23:14:40'),(12,'ut','2011-04-04 14:34:49','1977-08-29 19:41:53'),(13,'est','1971-09-28 03:57:02','2017-05-29 16:19:10'),(14,'sed','1988-02-01 10:20:21','2007-09-21 19:23:13'),(15,'reprehenderit','2000-04-08 17:32:38','2000-04-14 16:48:06'),(16,'et','1993-04-13 10:33:55','1988-08-14 20:15:09'),(17,'ipsa','2001-09-22 16:16:33','1994-08-06 20:53:11'),(18,'fuga','2015-01-02 08:26:50','1975-01-28 01:32:35'),(19,'ipsam','2006-12-12 22:12:59','2018-10-31 09:12:32'),(20,'facilis','2005-04-06 11:42:19','1994-09-30 22:24:58'),(21,'assumenda','1970-01-18 10:36:48','2010-05-05 13:01:14'),(22,'illum','2009-12-28 19:16:47','2008-11-07 09:58:57'),(23,'cum','2015-06-09 17:23:54','1976-12-07 00:16:01'),(24,'corporis','2010-10-12 08:10:56','2001-04-08 12:15:43'),(25,'id','2014-03-31 02:27:15','2003-06-26 21:00:54'),(26,'quidem','1986-12-11 00:13:43','1972-11-02 05:35:13'),(27,'eius','2018-01-31 07:29:30','1981-10-28 13:01:19'),(28,'aliquam','2014-04-23 20:46:15','1996-05-31 06:28:42'),(29,'eos','1982-04-18 22:50:25','2013-03-08 09:39:13'),(30,'quibusdam','1985-09-27 04:57:11','2002-02-26 03:40:22');
/*!40000 ALTER TABLE `communities` ENABLE KEYS */;
UNLOCK TABLES;

--
-- Table structure for table `communities_users`
--

DROP TABLE IF EXISTS `communities_users`;
/*!40101 SET @saved_cs_client     = @@character_set_client */;
/*!50503 SET character_set_client = utf8mb4 */;
CREATE TABLE `communities_users` (
  `community_id` int unsigned NOT NULL,
  `user_id` int unsigned NOT NULL,
  `created_at` datetime DEFAULT CURRENT_TIMESTAMP,
  PRIMARY KEY (`community_id`,`user_id`)
) ENGINE=InnoDB DEFAULT CHARSET=utf8mb4 COLLATE=utf8mb4_unicode_ci;
/*!40101 SET character_set_client = @saved_cs_client */;

--
-- Dumping data for table `communities_users`
--

LOCK TABLES `communities_users` WRITE;
/*!40000 ALTER TABLE `communities_users` DISABLE KEYS */;
INSERT INTO `communities_users` VALUES (1,4,'2007-04-15 18:15:31'),(2,16,'2001-11-02 03:24:52'),(2,29,'2000-12-08 02:54:52'),(2,45,'1971-04-16 15:09:46'),(3,32,'1986-10-09 09:18:54'),(3,34,'2004-11-13 05:06:12'),(3,48,'1976-05-06 23:02:36'),(3,76,'1979-12-16 12:02:25'),(3,100,'1999-11-02 19:11:36'),(4,14,'1972-03-01 15:15:26'),(4,83,'2003-05-03 02:54:53'),(5,38,'1995-09-02 09:25:26'),(5,53,'1989-05-14 03:56:14'),(5,60,'2013-01-07 12:39:31'),(6,44,'2001-08-28 03:42:21'),(6,58,'2007-08-21 17:57:41'),(6,71,'2017-08-25 00:44:37'),(7,12,'1993-09-29 04:34:38'),(7,87,'1977-11-14 16:05:10'),(8,88,'1985-12-12 07:43:53'),(9,17,'2014-06-07 06:06:21'),(9,37,'1988-05-07 20:23:54'),(9,80,'1986-07-11 04:45:37'),(10,15,'2015-03-03 04:42:39'),(11,17,'1993-03-14 18:56:24'),(11,26,'1983-08-21 11:07:16'),(11,51,'2017-04-13 07:43:43'),(11,57,'2007-12-12 13:52:21'),(12,6,'1985-02-22 13:25:15'),(12,30,'1998-01-10 18:31:57'),(12,35,'2018-06-06 19:42:18'),(12,65,'1984-06-07 21:53:09'),(12,66,'2004-09-12 20:53:02'),(12,86,'2012-05-13 01:28:22'),(13,30,'1998-01-06 23:49:59'),(13,71,'1982-03-07 03:44:06'),(13,90,'1981-06-28 06:47:33'),(14,16,'1992-04-01 08:12:37'),(14,17,'1979-11-10 05:19:48'),(14,26,'2005-09-01 09:46:33'),(14,33,'2020-04-03 12:29:36'),(14,34,'2008-08-30 20:57:07'),(14,50,'2006-06-11 07:53:50'),(14,94,'1972-03-16 19:26:03'),(15,9,'1979-10-28 05:45:04'),(15,41,'1978-01-04 13:15:36'),(15,66,'1999-12-09 08:28:24'),(16,7,'1986-02-04 01:48:49'),(16,27,'2013-11-03 21:11:17'),(16,49,'1983-09-26 18:46:58'),(16,95,'1974-11-28 20:16:38'),(17,70,'2020-09-27 05:29:36'),(17,78,'1977-07-16 13:45:23'),(18,33,'2005-11-23 17:19:49'),(18,84,'1973-08-23 14:59:57'),(18,92,'1989-12-11 22:20:23'),(19,16,'2012-06-04 16:06:42'),(19,39,'2008-03-05 11:20:36'),(19,64,'2020-11-25 12:34:38'),(19,72,'2019-12-21 02:19:32'),(19,94,'1991-02-09 18:03:21'),(19,100,'2012-09-24 08:29:06'),(20,33,'2019-03-25 19:51:33'),(20,63,'1974-10-30 12:32:23'),(20,84,'1997-01-13 09:19:58'),(21,4,'2017-05-12 11:37:27'),(21,19,'1980-12-13 13:21:08'),(21,86,'1978-09-16 05:39:16'),(21,88,'2011-01-01 05:19:48'),(21,98,'2012-05-01 06:23:03'),(22,39,'1973-01-14 21:35:54'),(22,48,'2020-08-15 12:48:08'),(22,76,'1975-07-27 19:47:55'),(22,78,'2018-02-07 15:52:46'),(24,9,'1987-09-29 03:28:08'),(24,26,'2005-01-13 12:49:32'),(24,84,'1997-12-13 23:48:43'),(24,95,'1977-09-26 03:41:28'),(24,99,'2004-04-13 13:07:15'),(25,42,'1989-03-30 18:59:59'),(25,86,'2017-10-19 02:12:49'),(25,95,'2015-02-18 10:15:16'),(26,14,'2006-04-07 23:55:25'),(26,24,'1981-02-13 10:02:19'),(26,67,'1998-12-14 14:35:00'),(26,95,'1984-08-12 17:04:02'),(27,5,'2009-01-30 18:21:22'),(27,42,'1977-03-11 20:38:16'),(27,45,'2010-07-15 23:18:47'),(28,24,'2020-01-28 20:26:19'),(28,32,'1995-10-28 22:15:33'),(29,37,'1987-03-24 21:57:03'),(29,50,'2011-08-23 01:44:15'),(29,70,'1987-09-12 06:42:21'),(30,12,'2016-08-30 04:10:29'),(30,21,'2002-05-22 17:38:07'),(30,32,'1970-03-25 08:37:12'),(30,67,'1993-05-08 05:57:12'),(30,73,'2007-04-26 16:39:12'),(30,97,'1978-08-15 19:21:23');
/*!40000 ALTER TABLE `communities_users` ENABLE KEYS */;
UNLOCK TABLES;

--
-- Table structure for table `friendship`
--

DROP TABLE IF EXISTS `friendship`;
/*!40101 SET @saved_cs_client     = @@character_set_client */;
/*!50503 SET character_set_client = utf8mb4 */;
CREATE TABLE `friendship` (
  `user_id` int unsigned NOT NULL,
  `friend_id` int unsigned NOT NULL,
  `friendship_status_id` int unsigned NOT NULL,
  `confirmed_at` datetime DEFAULT NULL,
  `created_at` datetime DEFAULT CURRENT_TIMESTAMP,
  `updated_at` datetime DEFAULT CURRENT_TIMESTAMP ON UPDATE CURRENT_TIMESTAMP,
  PRIMARY KEY (`user_id`,`friend_id`)
) ENGINE=InnoDB DEFAULT CHARSET=utf8mb4 COLLATE=utf8mb4_unicode_ci;
/*!40101 SET character_set_client = @saved_cs_client */;

--
-- Dumping data for table `friendship`
--

LOCK TABLES `friendship` WRITE;
/*!40000 ALTER TABLE `friendship` DISABLE KEYS */;
INSERT INTO `friendship` VALUES (1,30,3,'2017-02-02 06:22:49','1982-07-16 00:00:00','2021-04-26 11:54:03'),(1,86,2,'2011-08-25 09:18:52','1976-06-14 00:00:00','2021-04-26 11:54:03'),(2,84,1,'2016-05-12 08:53:55','2008-11-10 00:00:00','2021-04-26 11:54:03'),(3,94,3,'2019-02-27 02:42:09','1970-12-01 00:00:00','2021-04-26 11:54:03'),(5,45,1,'2013-12-25 23:00:16','2014-09-04 00:00:00','2021-04-26 11:54:03'),(7,26,2,'2018-10-27 18:33:35','1991-12-09 00:00:00','2021-04-26 11:54:03'),(7,79,1,'2013-03-28 23:15:50','2017-09-14 00:00:00','2021-04-26 11:54:03'),(7,91,1,'2019-09-24 04:44:12','1976-01-29 00:00:00','2021-04-26 11:54:03'),(8,1,2,'2011-06-20 05:51:38','1981-05-13 00:00:00','2021-04-26 11:54:03'),(8,39,3,'2019-02-03 08:56:24','2013-09-27 00:00:00','2021-04-26 11:54:03'),(9,68,3,'2016-01-02 18:37:15','2007-05-25 00:00:00','2021-04-26 11:54:03'),(11,19,1,'2019-11-08 07:35:19','2004-09-30 00:00:00','2021-04-26 11:54:03'),(11,53,2,'2014-05-15 23:59:28','2020-09-28 00:00:00','2021-04-26 11:54:03'),(12,6,3,'2019-08-12 23:21:42','2013-01-23 00:00:00','2021-04-26 11:54:03'),(12,15,2,'2012-12-29 07:57:50','2003-01-27 00:00:00','2021-04-26 11:54:03'),(13,31,3,'2011-08-13 22:05:46','1999-06-25 00:00:00','2021-04-26 11:54:03'),(13,69,2,'2019-03-31 11:33:54','1991-07-30 00:00:00','2021-04-26 11:54:03'),(16,26,1,'2020-06-07 19:39:35','1972-06-29 00:00:00','2021-04-26 11:54:03'),(16,60,3,'2015-04-10 04:39:56','2004-11-11 00:00:00','2021-04-26 11:54:03'),(17,9,3,'2015-12-30 20:07:06','1971-03-17 00:00:00','2021-04-26 11:54:03'),(18,12,3,'2012-07-09 19:21:48','1970-12-29 00:00:00','2021-04-26 11:54:03'),(19,7,2,'2012-07-08 15:25:45','1988-11-03 00:00:00','2021-04-26 11:54:03'),(19,100,3,'2013-10-04 10:34:21','2002-03-05 00:00:00','2021-04-26 11:54:03'),(23,48,2,'2020-03-31 18:43:04','2001-04-13 00:00:00','2021-04-26 11:54:03'),(25,65,2,'2015-12-01 20:01:47','2021-04-18 00:00:00','2021-04-26 11:54:03'),(26,63,3,'2020-12-07 09:32:56','1999-06-26 00:00:00','2021-04-26 11:54:03'),(26,72,1,'2012-07-03 04:26:45','2020-04-23 00:00:00','2021-04-26 11:54:03'),(27,12,2,'2020-10-27 09:11:59','2002-10-31 00:00:00','2021-04-26 11:54:03'),(27,40,3,'2017-05-29 22:02:43','2011-08-16 00:00:00','2021-04-26 11:54:03'),(28,52,2,'2011-05-03 03:09:04','2011-01-14 00:00:00','2021-04-26 11:54:03'),(29,36,3,'2018-01-22 06:52:34','1976-03-01 00:00:00','2021-04-26 11:54:03'),(29,84,2,'2021-03-04 03:33:06','1985-07-07 00:00:00','2021-04-26 11:54:03'),(30,55,3,'2021-04-19 11:22:30','2009-07-01 00:00:00','2021-04-26 11:54:03'),(32,39,3,'2012-11-26 20:54:04','1996-07-24 00:00:00','2021-04-26 11:54:03'),(32,82,2,'2012-07-24 13:10:47','2003-09-07 00:00:00','2021-04-26 11:54:03'),(33,26,3,'2012-01-11 20:21:52','1981-10-08 00:00:00','2021-04-26 11:54:03'),(33,82,3,'2014-08-09 15:23:57','2011-11-28 00:00:00','2021-04-26 11:54:03'),(33,90,3,'2017-05-14 04:46:49','1998-08-14 00:00:00','2021-04-26 11:54:03'),(35,16,1,'2012-01-11 16:33:38','1977-05-27 00:00:00','2021-04-26 11:54:03'),(35,42,1,'2020-11-30 06:06:43','2020-02-27 00:00:00','2021-04-26 11:54:03'),(36,25,1,'2013-04-27 04:22:53','1991-10-13 00:00:00','2021-04-26 11:54:03'),(36,84,2,'2015-01-22 12:42:14','2002-10-11 00:00:00','2021-04-26 11:54:03'),(36,86,2,'2012-08-06 04:07:26','2017-07-04 00:00:00','2021-04-26 11:54:03'),(37,38,2,'2013-11-30 01:15:07','2006-05-09 00:00:00','2021-04-26 11:54:03'),(38,100,3,'2011-10-12 10:58:57','2013-07-07 00:00:00','2021-04-26 11:54:03'),(41,32,2,'2018-07-14 18:37:07','2011-06-25 00:00:00','2021-04-26 11:54:03'),(43,12,3,'2019-09-18 20:13:58','2013-05-15 00:00:00','2021-04-26 11:54:03'),(43,79,3,'2018-03-05 13:41:46','1996-03-23 00:00:00','2021-04-26 11:54:03'),(44,32,3,'2020-03-22 13:24:34','2012-03-05 00:00:00','2021-04-26 11:54:03'),(44,59,1,'2014-06-17 20:59:10','2020-04-17 00:00:00','2021-04-26 11:54:03'),(46,10,1,'2015-02-01 08:00:42','1979-02-23 00:00:00','2021-04-26 11:54:03'),(48,46,1,'2017-08-06 15:06:09','2011-11-07 00:00:00','2021-04-26 11:54:03'),(49,9,1,'2019-04-18 04:12:11','1999-06-12 00:00:00','2021-04-26 11:54:03'),(49,42,2,'2021-03-06 04:13:18','2014-09-28 00:00:00','2021-04-26 11:54:03'),(49,62,1,'2013-06-10 12:19:55','1997-01-11 00:00:00','2021-04-26 11:54:03'),(51,8,2,'2011-09-07 13:22:13','1976-01-09 00:00:00','2021-04-26 11:54:03'),(52,91,1,'2013-09-22 16:34:27','2017-03-26 00:00:00','2021-04-26 11:54:03'),(53,82,2,'2014-03-28 18:27:57','1981-09-18 00:00:00','2021-04-26 11:54:03'),(55,29,2,'2021-01-17 11:01:32','1977-11-20 00:00:00','2021-04-26 11:54:03'),(55,40,1,'2013-08-17 02:00:21','2009-08-29 00:00:00','2021-04-26 11:50:04'),(55,97,3,'2020-04-18 01:53:33','2009-07-11 00:00:00','2021-04-26 11:54:03'),(57,66,2,'2014-01-21 15:15:08','1988-03-12 00:00:00','2021-04-26 11:54:03'),(58,89,2,'2018-12-28 21:30:26','1995-08-23 00:00:00','2021-04-26 11:54:03'),(60,24,3,'2014-01-06 22:01:02','1986-11-07 00:00:00','2021-04-26 11:54:03'),(60,45,1,'2021-02-02 16:40:24','2005-03-16 00:00:00','2021-04-26 11:54:03'),(60,76,3,'2017-01-31 09:32:10','2010-12-26 00:00:00','2021-04-26 11:54:03'),(60,98,2,'2016-10-21 16:34:50','2008-01-20 00:00:00','2021-04-26 11:54:03'),(61,22,2,'2020-11-08 22:51:23','1975-03-09 00:00:00','2021-04-26 11:54:03'),(62,22,1,'2015-01-20 05:57:27','1986-05-05 00:00:00','2021-04-26 11:54:03'),(64,59,3,'2019-08-05 16:16:33','2004-10-28 00:00:00','2021-04-26 11:54:03'),(64,86,1,'2020-08-08 18:11:50','1970-05-29 00:00:00','2021-04-26 11:54:03'),(65,56,1,'2012-02-14 02:38:42','1999-08-10 00:00:00','2021-04-26 11:54:03'),(69,28,1,'2011-09-18 22:07:31','2005-09-16 00:00:00','2021-04-26 11:54:03'),(70,8,1,'2012-03-12 08:23:41','1980-08-08 00:00:00','2021-04-26 11:54:03'),(70,82,1,'2020-08-04 23:38:54','1972-12-03 00:00:00','2021-04-26 11:54:03'),(73,11,2,'2014-05-27 05:55:40','1991-04-30 00:00:00','2021-04-26 11:54:03'),(73,30,3,'2012-11-28 08:38:59','1981-06-15 00:00:00','2021-04-26 11:54:03'),(75,54,1,'2015-03-24 01:02:34','1995-03-03 00:00:00','2021-04-26 11:54:03'),(75,83,1,'2020-08-29 19:34:13','1993-01-20 00:00:00','2021-04-26 11:54:03'),(76,32,1,'2012-11-18 21:26:25','1986-07-12 00:00:00','2021-04-26 11:54:03'),(79,58,3,'2015-11-20 00:12:18','2016-05-11 00:00:00','2021-04-26 11:54:03'),(81,100,3,'2012-08-08 13:19:05','2014-06-17 00:00:00','2021-04-26 11:54:03'),(82,22,1,'2014-03-07 20:58:43','2019-11-09 00:00:00','2021-04-26 11:54:03'),(82,93,3,'2015-12-13 10:34:38','2019-12-14 00:00:00','2021-04-26 11:54:03'),(83,36,2,'2018-09-16 17:30:39','1990-06-17 00:00:00','2021-04-26 11:54:03'),(83,97,2,'2017-06-09 22:26:13','2019-02-05 00:00:00','2021-04-26 11:54:03'),(84,52,3,'2015-11-19 15:29:07','1972-09-11 00:00:00','2021-04-26 11:54:03'),(86,2,2,'2013-05-01 10:18:18','1986-12-26 00:00:00','2021-04-26 11:54:03'),(86,61,1,'2017-10-16 16:57:19','1991-11-17 00:00:00','2021-04-26 11:54:03'),(86,92,2,'2013-07-24 16:23:27','2019-02-25 00:00:00','2021-04-26 11:54:03'),(87,9,2,'2017-10-20 10:40:02','2015-04-13 00:00:00','2021-04-26 11:54:03'),(87,34,2,'2019-06-10 17:19:49','1977-08-10 00:00:00','2021-04-26 11:54:03'),(88,74,2,'2019-06-04 17:05:56','2016-08-31 00:00:00','2021-04-26 11:54:03'),(91,6,2,'2017-11-18 03:50:29','1973-04-28 00:00:00','2021-04-26 11:54:03'),(91,30,3,'2019-06-11 13:09:08','2013-07-30 00:00:00','2021-04-26 11:54:03'),(93,45,1,'2015-07-18 07:54:53','2001-01-12 00:00:00','2021-04-26 11:54:03'),(95,48,2,'2017-04-18 02:19:38','1975-01-31 00:00:00','2021-04-26 11:54:03'),(96,7,3,'2017-10-25 14:30:02','1985-05-30 00:00:00','2021-04-26 11:54:03'),(97,56,3,'2014-11-08 19:50:58','2011-05-15 00:00:00','2021-04-26 11:54:03'),(100,53,2,'2014-04-11 20:16:36','1975-01-16 00:00:00','2021-04-26 11:54:03');
/*!40000 ALTER TABLE `friendship` ENABLE KEYS */;
UNLOCK TABLES;

--
-- Table structure for table `friendship_statuses`
--

DROP TABLE IF EXISTS `friendship_statuses`;
/*!40101 SET @saved_cs_client     = @@character_set_client */;
/*!50503 SET character_set_client = utf8mb4 */;
CREATE TABLE `friendship_statuses` (
  `id` int unsigned NOT NULL AUTO_INCREMENT,
  `name` varchar(150) CHARACTER SET utf8mb4 COLLATE utf8mb4_unicode_ci NOT NULL,
  `created_at` datetime DEFAULT CURRENT_TIMESTAMP,
  `updated_at` datetime DEFAULT CURRENT_TIMESTAMP ON UPDATE CURRENT_TIMESTAMP,
  PRIMARY KEY (`id`),
  UNIQUE KEY `name` (`name`)
) ENGINE=InnoDB AUTO_INCREMENT=4 DEFAULT CHARSET=utf8mb4 COLLATE=utf8mb4_unicode_ci;
/*!40101 SET character_set_client = @saved_cs_client */;

--
-- Dumping data for table `friendship_statuses`
--

LOCK TABLES `friendship_statuses` WRITE;
/*!40000 ALTER TABLE `friendship_statuses` DISABLE KEYS */;
INSERT INTO `friendship_statuses` VALUES (1,'requested','2021-04-26 11:52:15','2021-04-26 11:52:15'),(2,'confirmed','2021-04-26 11:52:15','2021-04-26 11:52:15'),(3,'rejected','2021-04-26 11:52:15','2021-04-26 11:52:15');
/*!40000 ALTER TABLE `friendship_statuses` ENABLE KEYS */;
UNLOCK TABLES;

--
-- Table structure for table `media`
--

DROP TABLE IF EXISTS `media`;
/*!40101 SET @saved_cs_client     = @@character_set_client */;
/*!50503 SET character_set_client = utf8mb4 */;
CREATE TABLE `media` (
  `id` int unsigned NOT NULL AUTO_INCREMENT,
  `user_id` int unsigned NOT NULL,
  `filename` varchar(225) CHARACTER SET utf8mb4 COLLATE utf8mb4_unicode_ci NOT NULL,
  `size` int NOT NULL,
  `metadata` json DEFAULT NULL,
  `media_type_id` int unsigned NOT NULL,
  `created_at` datetime DEFAULT CURRENT_TIMESTAMP,
  `updated_at` datetime DEFAULT CURRENT_TIMESTAMP ON UPDATE CURRENT_TIMESTAMP,
  PRIMARY KEY (`id`),
  CONSTRAINT `media_chk_1` CHECK (json_valid(`metadata`))
) ENGINE=InnoDB AUTO_INCREMENT=27 DEFAULT CHARSET=utf8mb4 COLLATE=utf8mb4_unicode_ci;
/*!40101 SET character_set_client = @saved_cs_client */;

--
-- Dumping data for table `media`
--

LOCK TABLES `media` WRITE;
/*!40000 ALTER TABLE `media` DISABLE KEYS */;
INSERT INTO `media` VALUES (1,89,' http://dropbox.com//vk/roms.mpeg',3442,'{\"owner\": \"BennettGerlach\"}',1,'2018-08-17 14:36:56','2021-04-26 11:34:02'),(2,55,' http://dropbox.com//vk/roms.png',4257,'{\"owner\": \"ZackZemlak\"}',3,'2018-08-17 14:36:56','2021-04-26 11:43:49'),(3,6,' http://dropbox.com//vk/roms.mpeg',858,'{\"owner\": \"VictorGrady\"}',2,'2018-08-17 14:36:56','2021-04-26 11:43:49'),(4,65,' http://dropbox.com//vk/roms.jpeg',1420,'{\"owner\": \"MaynardNolan\"}',1,'2018-08-17 14:36:56','2021-04-26 11:34:02'),(5,7,' http://dropbox.com//vk/roms.jpeg',4426,'{\"owner\": \"LueGerhold\"}',3,'2018-08-17 14:36:56','2021-04-26 11:43:49'),(6,39,' http://dropbox.com//vk/roms.mpeg',7769,'{\"owner\": \"CiaraKulas\"}',3,'2018-08-17 14:36:56','2021-04-26 11:43:49'),(7,74,' http://dropbox.com//vk/roms.png',5468,'{\"owner\": \"MallieDach\"}',2,'2018-08-17 14:36:56','2021-04-26 11:43:49'),(8,54,' http://dropbox.com//vk/roms.jpeg',3934,'{\"owner\": \"ClaraErdman\"}',3,'2018-08-17 14:36:56','2021-04-26 11:43:49'),(9,47,' http://dropbox.com//vk/roms.jpeg',3163,'{\"owner\": \"AmericaShanahan\"}',2,'2018-08-17 14:36:56','2021-04-26 11:43:49'),(10,72,' http://dropbox.com//vk/roms.png',3914,'{\"owner\": \"EliezerSanford\"}',1,'2018-08-17 14:36:56','2021-04-26 11:34:02'),(11,17,' http://dropbox.com//vk/roms.png',9983,'{\"owner\": \"MoniqueProhaska\"}',2,'2018-08-17 14:36:56','2021-04-26 11:43:49'),(12,70,' http://dropbox.com//vk/roms.jpeg',8072,'{\"owner\": \"JordyBrakus\"}',2,'2018-08-17 14:36:56','2021-04-26 11:43:49'),(13,96,' http://dropbox.com//vk/roms.png',310,'{\"owner\": \"JacquesBlick\"}',2,'2018-08-17 14:36:56','2021-04-26 11:43:49'),(14,73,' http://dropbox.com//vk/roms.avi',7234,'{\"owner\": \"HaileeBalistreri\"}',2,'2018-08-17 14:36:56','2021-04-26 11:43:49'),(15,75,' http://dropbox.com//vk/roms.jpeg',5141,'{\"owner\": \"AlexandroBergstrom\"}',2,'2018-08-17 14:36:56','2021-04-26 11:43:49'),(16,54,' http://dropbox.com//vk/roms.mpeg',3903,'{\"owner\": \"ClaraErdman\"}',2,'2018-08-17 14:36:56','2021-04-26 11:43:49'),(17,45,' http://dropbox.com//vk/roms.mp3',3993,'{\"owner\": \"EulaMcDermott\"}',1,'2018-08-17 14:36:56','2021-04-26 11:34:02'),(18,64,' http://dropbox.com//vk/roms.mp3',8153,'{\"owner\": \"DewayneDuBuque\"}',1,'2018-08-17 14:36:56','2021-04-26 11:34:02'),(19,84,' http://dropbox.com//vk/roms.avi',8689,'{\"owner\": \"MargeDaugherty\"}',2,'2018-08-17 14:36:56','2021-04-26 11:43:49'),(20,29,' http://dropbox.com//vk/roms.avi',8883,'{\"owner\": \"BriceErnser\"}',1,'2018-08-17 14:36:56','2021-04-26 11:34:02'),(21,93,' http://dropbox.com//vk/roms.mp3',8251,'{\"owner\": \"JefferyAbshire\"}',1,'2018-08-17 14:36:56','2021-04-26 11:34:02'),(22,76,' http://dropbox.com//vk/roms.mp3',4506,'{\"owner\": \"RamiroTorp\"}',2,'2018-08-17 14:36:56','2021-04-26 11:43:49'),(23,1,' http://dropbox.com//vk/roms.mp3',7676,'{\"owner\": \"LuciusPfannerstill\"}',3,'2018-08-17 14:36:56','2021-04-26 11:43:49'),(24,78,' http://dropbox.com//vk/roms.mpeg',4760,'{\"owner\": \"TroyMedhurst\"}',2,'2018-08-17 14:36:56','2021-04-26 11:43:49'),(25,86,' http://dropbox.com//vk/roms.mp3',674,'{\"owner\": \"DorianBrown\"}',2,'2018-08-17 14:36:56','2021-04-26 11:43:49'),(26,97,' http://dropbox.com//vk/roms.mp3',8988,'{\"owner\": \"EllaHuels\"}',1,'2018-08-17 14:36:56','2021-04-26 11:34:02');
/*!40000 ALTER TABLE `media` ENABLE KEYS */;
UNLOCK TABLES;

--
-- Table structure for table `media_types`
--

DROP TABLE IF EXISTS `media_types`;
/*!40101 SET @saved_cs_client     = @@character_set_client */;
/*!50503 SET character_set_client = utf8mb4 */;
CREATE TABLE `media_types` (
  `id` int unsigned NOT NULL AUTO_INCREMENT,
  `name` varchar(255) CHARACTER SET utf8mb4 COLLATE utf8mb4_unicode_ci NOT NULL,
  `created_at` datetime DEFAULT CURRENT_TIMESTAMP,
  `updated_at` datetime DEFAULT CURRENT_TIMESTAMP ON UPDATE CURRENT_TIMESTAMP,
  PRIMARY KEY (`id`),
  UNIQUE KEY `name` (`name`)
) ENGINE=InnoDB AUTO_INCREMENT=4 DEFAULT CHARSET=utf8mb4 COLLATE=utf8mb4_unicode_ci;
/*!40101 SET character_set_client = @saved_cs_client */;

--
-- Dumping data for table `media_types`
--

LOCK TABLES `media_types` WRITE;
/*!40000 ALTER TABLE `media_types` DISABLE KEYS */;
INSERT INTO `media_types` VALUES (1,'image','2021-04-26 11:40:39','2021-04-26 11:40:39'),(2,'audio','2021-04-26 11:40:39','2021-04-26 11:40:39'),(3,'video','2021-04-26 11:40:39','2021-04-26 11:40:39');
/*!40000 ALTER TABLE `media_types` ENABLE KEYS */;
UNLOCK TABLES;

--
-- Table structure for table `messages`
--

DROP TABLE IF EXISTS `messages`;
/*!40101 SET @saved_cs_client     = @@character_set_client */;
/*!50503 SET character_set_client = utf8mb4 */;
CREATE TABLE `messages` (
  `id` int unsigned NOT NULL AUTO_INCREMENT,
  `from_user_id` int unsigned NOT NULL,
  `to_user_id` int unsigned NOT NULL,
  `body` text CHARACTER SET utf8mb4 COLLATE utf8mb4_unicode_ci NOT NULL,
  `is_important` tinyint(1) DEFAULT NULL,
  `isdelivered` tinyint(1) DEFAULT NULL,
  `created_at` datetime DEFAULT CURRENT_TIMESTAMP,
  PRIMARY KEY (`id`)
) ENGINE=InnoDB AUTO_INCREMENT=101 DEFAULT CHARSET=utf8mb4 COLLATE=utf8mb4_unicode_ci;
/*!40101 SET character_set_client = @saved_cs_client */;

--
-- Dumping data for table `messages`
--

LOCK TABLES `messages` WRITE;
/*!40000 ALTER TABLE `messages` DISABLE KEYS */;
INSERT INTO `messages` VALUES (1,18,26,'Exercitationem quis nam molestiae dolores numquam itaque. Et sint quaerat nobis ut vel illum voluptate. Quia laudantium quidem nemo qui ducimus ipsam.',0,0,'1988-05-21 00:00:00'),(2,74,93,'In vero facere corrupti aliquid. Aliquam doloremque accusantium soluta rem dicta omnis.',1,0,'2003-02-11 00:00:00'),(3,41,24,'Quas ea minima animi quos. Tempora in fugit quia in provident fugiat natus. Quia voluptates aperiam incidunt dolore similique amet. Rem voluptatem voluptatum officiis.',1,0,'2009-11-10 00:00:00'),(4,98,19,'Et dolorum magni ut. Dolor magnam maiores harum debitis nisi sint. Sit aut vel inventore voluptates ipsa ea unde. Quasi molestiae quos quae beatae ratione sed.',0,0,'1977-06-14 00:00:00'),(5,99,37,'Qui totam dolores dolores magni. Temporibus commodi et omnis error. Asperiores ut aut at et.',0,1,'1991-04-15 00:00:00'),(6,87,24,'Facere voluptatem aut ut ea laudantium. Aperiam consequatur qui amet quisquam asperiores ut. Quis nemo quibusdam est.',0,1,'1996-09-26 00:00:00'),(7,57,12,'Fuga numquam facilis voluptatum sit voluptate quae. Molestias ipsum repudiandae beatae veniam omnis. Et facere ut excepturi aut quo. Facilis est quae ut velit non minus non velit.',1,0,'2009-02-13 00:00:00'),(8,90,14,'Nam vero ex sunt. Repellat ex aspernatur voluptate eligendi unde. Officiis consequuntur sunt soluta rerum velit vel totam.',0,1,'2010-09-20 00:00:00'),(9,100,59,'Iste voluptatem fugit tenetur culpa. Eligendi voluptas id ipsum expedita tempore sint quisquam. Facilis ipsam sequi sit ea vel odio.',1,0,'1974-05-02 00:00:00'),(10,92,81,'Rerum in consequatur molestiae fugit qui ullam. Quia suscipit praesentium aut. Repudiandae ut dicta dicta facere aut et.',1,1,'1984-05-31 00:00:00'),(11,32,14,'Placeat commodi maiores vel et alias amet itaque. Ullam voluptates dignissimos nihil laudantium sint enim aliquam. Impedit repellendus sed est necessitatibus minus eius autem. Et et laboriosam nostrum qui et consequatur.',1,1,'1975-12-04 00:00:00'),(12,76,35,'Rerum necessitatibus hic voluptatibus et quia. Nam et cumque earum ab ut quisquam. Quo sint rerum et cum veritatis est.',1,0,'1992-11-17 00:00:00'),(13,46,23,'Temporibus ut cum perspiciatis est. Quod sed et sit nemo pariatur. Voluptatum officia cupiditate doloremque est consequatur et. Odit excepturi veritatis distinctio voluptatibus natus.',0,1,'2006-01-12 00:00:00'),(14,80,30,'Nihil occaecati rerum minus molestiae sit. Nulla repudiandae praesentium debitis voluptas adipisci libero blanditiis et. Minus sunt minus et qui debitis voluptatem cumque. Incidunt est voluptatem quasi doloribus molestias nesciunt iste aut.',1,1,'1981-08-04 00:00:00'),(15,7,46,'Perferendis voluptas tempore magni fugiat nisi molestiae. Et non accusamus rerum quia eveniet beatae autem. Magni est quis facere et ratione.',1,0,'2013-10-30 00:00:00'),(16,9,4,'Eaque facilis amet nemo quasi quia iste. Et pariatur voluptatibus nam ad. Cum aut molestiae cumque ut.',1,1,'1985-05-10 00:00:00'),(17,94,59,'Aut est ut labore similique libero maiores laudantium repellendus. Ullam officia illo nihil et nesciunt molestias reiciendis. Aut qui possimus possimus quo illo ipsum. Culpa ab possimus quas consequuntur eveniet quasi dolorem.',1,0,'2010-10-17 00:00:00'),(18,10,74,'Illo quidem consequatur mollitia earum. Quis et totam ullam asperiores. Totam qui architecto similique enim. Rerum repudiandae consectetur ducimus.',1,0,'1982-04-02 00:00:00'),(19,39,73,'Ipsam sunt et numquam iste aperiam eaque facere. Autem totam minima quis minima. Tempore consequatur voluptatem iste officia. Voluptatem quia mollitia suscipit voluptatum eaque labore.',1,0,'2021-02-06 00:00:00'),(20,47,17,'Doloremque aut hic omnis est commodi dolorem. Quae vitae repellat veniam odit laudantium saepe ab. Rerum reiciendis aut voluptates quas.',0,1,'1974-06-21 00:00:00'),(21,41,53,'Quibusdam magni aliquid tempore dicta et. Facilis laboriosam magnam atque possimus. Et qui numquam nostrum veniam qui dolores. Deleniti ut a modi perspiciatis.',1,1,'2020-12-24 00:00:00'),(22,41,46,'Blanditiis velit non vel dolores nulla ipsa alias. Ut quis rerum cumque asperiores aliquid delectus voluptate quas. Praesentium molestiae voluptas nemo ab nulla necessitatibus. Sint et iusto qui aliquam.',1,1,'1983-03-10 00:00:00'),(23,9,5,'Non sunt quas earum dolores ad. Explicabo dolore omnis molestias fuga quia eaque maxime voluptatem. Sint vel autem et esse. Minus aliquid est esse ut nostrum.',0,0,'2002-04-29 00:00:00'),(24,98,75,'Quasi voluptatem natus saepe est. Eligendi sunt similique laudantium omnis autem eum laboriosam. Minus fugit vel culpa consequuntur. Maxime autem est illo dolorem.',0,1,'2013-05-27 00:00:00'),(25,79,68,'Et dicta debitis nemo est facere suscipit cumque temporibus. Excepturi quas qui occaecati enim perferendis. Enim eius in dolore laborum ducimus quo molestiae.',0,1,'1974-02-07 00:00:00'),(26,5,20,'Non voluptatum fugit et ut sed. Labore fugit earum sit delectus dolorum. Repellat distinctio harum dolor dolorum. Officia id est corporis soluta consequatur nostrum accusamus voluptatem. Labore voluptatem deserunt possimus quia veritatis voluptas.',1,1,'1972-04-19 00:00:00'),(27,86,69,'Placeat ut est sapiente veniam ut dolor. Eaque aut corporis velit quas aut numquam ut. Qui suscipit eius excepturi adipisci officiis vel. Et debitis id aut qui cumque repellendus.',1,1,'1981-06-29 00:00:00'),(28,86,24,'Sint autem enim deleniti. Repudiandae tempora veritatis non odit non aut et. Vel culpa debitis voluptatibus tempora et.',1,1,'2018-11-21 00:00:00'),(29,59,22,'Aperiam dolor dolores assumenda autem quia non est. Numquam dolores vero et quisquam.',0,1,'2014-10-27 00:00:00'),(30,32,95,'Debitis dolorem sequi nisi repellendus magnam. Ea consequuntur omnis magni eos est. Magnam sed ea quia consequatur et perferendis error. Nemo molestias et ipsum ratione voluptate sed pariatur recusandae.',0,1,'1998-03-05 00:00:00'),(31,78,3,'Nam voluptas quasi dolorem laborum ipsam. Explicabo impedit eum vitae provident.',1,0,'1979-11-23 00:00:00'),(32,82,99,'Voluptatibus voluptas est corporis nulla ducimus vitae corporis. Rerum praesentium repudiandae eum unde eum. Quas voluptas omnis consequatur.',1,1,'2011-09-20 00:00:00'),(33,51,57,'Dolores rerum voluptas dignissimos adipisci error illum voluptatum. Laudantium deserunt occaecati architecto inventore et et dolores dicta. Iure sapiente vel autem reprehenderit.',0,0,'1976-01-07 00:00:00'),(34,33,92,'Beatae non magnam labore iste. Dignissimos perferendis praesentium esse temporibus atque quis qui earum. Ea minus veritatis vel. Dolor qui eos tenetur excepturi perferendis quia numquam.',1,0,'1991-11-24 00:00:00'),(35,61,30,'Vitae impedit soluta qui officia reprehenderit quam. Quod veritatis neque expedita mollitia alias. Eum aut eum consequatur quo quam. Architecto voluptas explicabo temporibus repudiandae delectus voluptatem nihil.',1,1,'1974-07-28 00:00:00'),(36,67,41,'Et sit labore quod qui accusamus. Eligendi et ipsa quisquam necessitatibus. Quia dolorem corporis culpa similique nam modi nihil ut. Sapiente ipsa dicta voluptas odit placeat.',1,1,'1976-10-27 00:00:00'),(37,6,8,'Error enim aut ipsum. Totam adipisci et aliquid totam. Dolore eos possimus sapiente dicta molestias. Ut quo dolores repellat occaecati sed qui ea.',0,1,'1975-08-16 00:00:00'),(38,19,70,'Ad molestiae nihil dolor culpa sint a modi. Eaque fugit at quisquam non dolorem. Omnis sunt deserunt dolores delectus. Consequatur et facere neque necessitatibus dicta accusamus.',1,0,'1990-04-04 00:00:00'),(39,92,49,'Quaerat ad blanditiis iure cupiditate inventore odio voluptatem. Amet quas molestiae recusandae quo soluta voluptatem voluptatibus. Harum eius qui deserunt quasi in.',1,0,'2012-07-24 00:00:00'),(40,68,93,'Perspiciatis modi amet optio dolores tenetur dolor. Eum sunt aliquid veritatis repellat aut. Est totam exercitationem ut voluptatem facilis nihil. Occaecati voluptas dignissimos eaque ullam laborum necessitatibus voluptatem.',1,1,'2018-08-26 00:00:00'),(41,61,25,'Explicabo in aliquam mollitia earum mollitia in. Necessitatibus accusantium accusantium laboriosam. Exercitationem ullam veniam voluptatum dolor et itaque sapiente.',0,1,'1983-10-16 00:00:00'),(42,43,37,'Omnis omnis sed sint deleniti non voluptatibus enim. In eaque ea nihil corporis perspiciatis. Ab temporibus a tenetur blanditiis nesciunt eum. Itaque enim veniam recusandae consequatur quaerat hic adipisci.',0,0,'2005-05-21 00:00:00'),(43,56,67,'Laboriosam illum praesentium inventore. Quas sed iste et assumenda harum. Id eveniet totam consectetur dicta possimus et. Aliquam occaecati facere et amet corrupti reiciendis.',1,1,'2019-11-30 00:00:00'),(44,68,39,'Sit sit aut et. Voluptas quam tempora est illum. Ut quo earum atque praesentium. Facere quod ut occaecati non voluptates.',0,1,'1994-03-20 00:00:00'),(45,89,27,'Animi cum sed placeat ea minus quos sequi. Et consequuntur porro nobis voluptatem. Aut modi aut ea magnam ad.',0,0,'2018-10-15 00:00:00'),(46,67,53,'Omnis sequi veritatis enim tenetur. Iure molestiae dolores dolorum earum vel. Et fugit voluptates non inventore nemo. Eos tempore dignissimos magnam et magni consequatur.',0,1,'1981-05-10 00:00:00'),(47,64,59,'Quis numquam deleniti sed praesentium. Aut ut commodi voluptas beatae occaecati quod. Cupiditate consequuntur est voluptates cumque dolorem id pariatur. Voluptatem odio tempora eveniet eum reprehenderit.',1,1,'1980-04-15 00:00:00'),(48,5,45,'Maxime omnis eligendi non dolores tempora rerum. Et sit dolorum et voluptatem et dolorem sed. Quas laborum et et quia dolorem. Nemo aut assumenda qui.',1,1,'2009-07-30 00:00:00'),(49,12,25,'Nemo qui rerum facere illum. Tenetur labore necessitatibus repudiandae ex molestias. Officia accusamus atque vel sint delectus ipsum quis.',1,1,'2016-10-31 00:00:00'),(50,86,56,'Soluta temporibus rerum est molestiae. Aut nemo sint quia voluptatem magnam. Minus eius dolorum nam eligendi facilis et facilis necessitatibus. Consectetur in repellendus quia placeat nobis facilis distinctio.',0,0,'2014-09-06 00:00:00'),(51,19,30,'Quia dolores officia consequatur aut at. Voluptatem dolorem non exercitationem error. Ut sed dolorum cum alias. Culpa non porro suscipit voluptatem est quod. Ab id tempore ut optio ipsa magni tempore perferendis.',0,1,'2004-02-15 00:00:00'),(52,91,67,'Sapiente natus aut id itaque vel quisquam necessitatibus rem. Sed sequi distinctio quia voluptatem nostrum. Ex placeat id vel temporibus ad eius dolores repellendus. Voluptatem dolores et quisquam quia doloremque vel.',0,0,'2003-11-20 00:00:00'),(53,59,93,'Et rerum mollitia cupiditate deserunt vel eligendi rerum. Et maiores voluptatem vitae expedita accusantium beatae eius. Iste libero odio quae necessitatibus qui. Consequatur dolore nihil eius et.',1,1,'2020-11-06 00:00:00'),(54,86,52,'Ut eum et possimus omnis qui ea. Accusantium laborum magni rerum optio. Dolorem ut culpa et est. Reiciendis recusandae velit omnis ea aut distinctio suscipit. Est voluptatem odio debitis quia perspiciatis.',1,1,'2006-10-03 00:00:00'),(55,4,60,'Ab magnam qui architecto sit. Quidem neque quae enim eos velit non. Rerum voluptatem quasi ut facilis.',0,0,'1970-01-14 00:00:00'),(56,89,64,'Et fuga placeat dicta voluptas earum ullam. Et fugit quas repudiandae. Ut velit et sit aliquam consectetur voluptatem quasi. Sit blanditiis nobis iure nulla molestias nihil placeat.',0,0,'1975-01-13 00:00:00'),(57,51,64,'Culpa est voluptate quas exercitationem ea. Est at modi dolorum dolorum iusto. Alias assumenda quasi asperiores temporibus impedit vel aliquam accusamus. Omnis nulla enim et sit minus et facere.',0,1,'1978-11-17 00:00:00'),(58,65,32,'Eligendi possimus ex provident sit et nihil fuga. Eum sit quae quo laudantium rerum asperiores natus. Doloribus maxime commodi aut ullam ipsum et quo. Atque impedit incidunt voluptas accusantium sunt voluptatibus.',1,1,'2002-07-19 00:00:00'),(59,67,36,'Consequuntur consequatur libero omnis odit officia. Debitis fuga quidem temporibus consequatur aperiam. Temporibus expedita dignissimos dicta facilis dolores. Facere accusantium nihil quisquam natus vitae ea aut cupiditate.',0,0,'1978-01-07 00:00:00'),(60,79,85,'Voluptatibus est quae ipsa velit omnis qui. Rerum officia magni quibusdam eius harum iste ab. Aut accusamus aspernatur esse. Itaque sunt quidem expedita ut maxime explicabo.',1,1,'2009-09-10 00:00:00'),(61,91,97,'Laudantium sint autem porro neque quos. Eum voluptas iure assumenda molestiae perspiciatis. Sunt voluptas illo deserunt sed. Corporis nostrum totam odit necessitatibus ut.',1,1,'1971-01-10 00:00:00'),(62,13,74,'Eligendi vel ducimus autem non voluptas. Error rerum necessitatibus possimus aut sunt. Est ducimus omnis delectus vel.',1,0,'1992-04-07 00:00:00'),(63,28,20,'Illo sed vitae iste. Facilis eos et eos tenetur. Et ad eum aut quam et doloremque eveniet.',0,1,'1986-06-27 00:00:00'),(64,15,16,'Amet ipsam ab dolorem ut aut quo. Quibusdam tempore animi dolore veritatis quasi vero. Modi deleniti non ut quisquam animi alias inventore. Esse placeat perferendis enim.',0,0,'2004-10-26 00:00:00'),(65,33,19,'Dolorem voluptatem qui repellat. Suscipit ut reiciendis placeat vero sint. Quia omnis illum est enim. Ex et temporibus et iste cumque.',1,1,'1988-03-15 00:00:00'),(66,93,7,'Accusamus perspiciatis porro excepturi ab. Vero cumque voluptates hic sint architecto voluptatum. Non qui voluptatem itaque.',0,0,'1987-04-29 00:00:00'),(67,56,57,'Ut velit eius suscipit consequatur omnis. Sint corporis earum aut repellat consequatur quae. Quo aut at ut in voluptas vitae.',1,0,'2004-08-18 00:00:00'),(68,20,25,'Quidem et dolor est sed et. Ullam quasi aut illo consequatur quae et tempora nisi. Quia accusamus voluptas officiis voluptas vel nesciunt omnis.',1,0,'2009-05-04 00:00:00'),(69,67,57,'Sunt qui illum qui molestiae quia. Sapiente facere ratione sit qui expedita corrupti cumque. Quae accusantium iste nam nihil recusandae occaecati. Ex architecto quos sint sunt aut sint.',1,1,'1980-12-26 00:00:00'),(70,85,55,'Et vitae commodi animi officiis et expedita. Nulla vitae qui hic doloremque aspernatur minima. Rem quis numquam autem. Et saepe nihil sed sunt doloremque et laudantium. Aut consequatur enim et mollitia eveniet sed aspernatur.',0,1,'1976-05-13 00:00:00'),(71,16,17,'Alias sint quam accusamus expedita iusto aut sunt. Nulla reiciendis velit aliquam aut beatae minus expedita. Possimus adipisci optio et nisi.',0,1,'1989-04-20 00:00:00'),(72,36,29,'Ad libero voluptas sunt aspernatur. Quia molestiae provident aut. Dicta fugit enim voluptates quasi. Odit repellendus cumque itaque dolore facilis facilis ut.',1,1,'2005-03-17 00:00:00'),(73,36,93,'Ut illo eius ratione eos necessitatibus hic. Earum accusantium quas occaecati. Id accusantium consequatur quis dolorem architecto quisquam et iusto.',1,0,'2000-08-19 00:00:00'),(74,58,10,'Aliquam quos ullam dolor ut. Aut repudiandae voluptates molestiae qui ullam velit corporis. Provident velit dolores voluptas et ea et delectus. Quo veritatis repellendus enim.',0,1,'1979-09-03 00:00:00'),(75,77,53,'Optio minus sed pariatur quis occaecati hic. Quia ut nam sunt qui suscipit nihil.',0,0,'2009-01-23 00:00:00'),(76,36,17,'Aut deserunt ipsam est quibusdam debitis cupiditate voluptates. Alias ab reiciendis nesciunt ratione sequi et est ipsam. Eum itaque voluptatum quia mollitia tempore vel.',1,0,'2020-12-30 00:00:00'),(77,79,44,'Ab officia fugit veritatis labore expedita minus. Atque excepturi voluptas officiis ad earum ad nam. Aut quae voluptas id sint exercitationem corrupti reprehenderit. Laboriosam voluptatem assumenda a saepe est.',0,1,'2000-02-08 00:00:00'),(78,80,70,'Consectetur est enim aliquid repellat non ipsam. Laborum distinctio maiores eos deserunt dolor velit. Delectus qui explicabo a officia aut fugiat. A est excepturi dolores quis aut autem.',0,0,'2015-04-20 00:00:00'),(79,7,23,'Ea perspiciatis fuga ipsum ex aspernatur consequatur. Dolores debitis dignissimos provident sit velit. Non alias aperiam modi ipsa omnis. Accusamus eos provident ipsum mollitia soluta omnis.',0,1,'2003-08-05 00:00:00'),(80,97,15,'Sit ratione quibusdam sint minima et consequatur. Optio autem rem sunt. Mollitia aut est sunt possimus. Ea saepe culpa aliquid neque qui error nostrum.',0,1,'1975-09-14 00:00:00'),(81,81,62,'Maxime est quod corrupti minus est id. Omnis modi repellendus quo ut et culpa quidem. Dicta non corrupti nihil impedit neque nisi. A eaque est quis quia.',0,1,'1986-05-30 00:00:00'),(82,64,37,'Praesentium aut iste quam illum. Fuga tempore repellat eveniet quis accusamus fuga. Nihil qui dolorem harum dignissimos impedit.',1,1,'2004-09-02 00:00:00'),(83,89,34,'Aliquam voluptatum cumque eaque et quo voluptatem quibusdam. Natus sit enim occaecati hic.',0,1,'2019-10-03 00:00:00'),(84,3,14,'Est ab quod in sed. Ut ex quis voluptas facere ab consequuntur distinctio. Est cupiditate iure tempora odio itaque repudiandae accusantium. Inventore placeat quos non non eligendi quas facilis iure.',1,0,'2009-05-20 00:00:00'),(85,59,51,'Assumenda recusandae excepturi dolores eos. Assumenda modi cupiditate repellat animi non est.',0,1,'1992-06-21 00:00:00'),(86,79,42,'Non pariatur eveniet voluptatum totam. Impedit aut quaerat eum vel ut reiciendis asperiores. Molestiae et aspernatur quia illum voluptatibus suscipit atque. Quod et nostrum sit officia modi.',0,1,'1978-08-11 00:00:00'),(87,70,25,'Et esse reprehenderit corporis dolorum quibusdam. Aut hic voluptas qui. Eligendi minima neque veritatis et. Veniam facilis earum quis voluptatem.',1,0,'2000-07-12 00:00:00'),(88,12,88,'Et nemo eos aspernatur. Ut officia dolor ea deleniti ut deleniti.',0,1,'2007-12-19 00:00:00'),(89,2,48,'Non magnam quod delectus. Cupiditate tenetur ex quia. Exercitationem praesentium neque sit laudantium reiciendis omnis.',0,1,'2000-02-05 00:00:00'),(90,31,11,'Sapiente in quod doloremque ullam ut perspiciatis. Praesentium ut amet est aspernatur laudantium.',0,1,'1985-11-18 00:00:00'),(91,63,80,'Consequatur dicta odit a assumenda nihil et. Sit voluptas quidem recusandae enim error dolore ullam. Reiciendis officia blanditiis quas vero enim. Reprehenderit explicabo veritatis voluptas soluta aut.',0,1,'2006-07-29 00:00:00'),(92,9,5,'Totam ut rerum veniam dolore omnis rerum. Facilis totam nihil illum molestiae ea perferendis officia. Alias dolores enim doloremque harum beatae atque.',1,1,'1972-01-09 00:00:00'),(93,97,69,'Voluptas architecto maxime qui omnis perspiciatis non sunt. Dicta vel dolorum eligendi ex. Repellendus quia tenetur sit ipsa molestiae vel.',0,0,'1976-05-16 00:00:00'),(94,56,71,'Laborum iusto explicabo ut dolores aut optio. Ratione itaque perferendis et qui pariatur maiores debitis libero. Cumque architecto dolor hic similique ut assumenda ullam. Qui asperiores odit velit perspiciatis quod aut.',0,0,'1993-02-20 00:00:00'),(95,86,18,'Amet beatae dolor totam et et omnis fugit. Numquam ut quia nemo omnis. Nihil tempora et quos laboriosam ut consectetur doloribus ab.',1,1,'2006-05-04 00:00:00'),(96,29,91,'Autem eos blanditiis quo quia quod exercitationem velit labore. Nihil sit aut et adipisci. Quos a sed illo sit sapiente sed vel.',1,1,'2008-06-02 00:00:00'),(97,69,70,'Numquam at labore velit saepe. Nesciunt minima voluptatum velit est ut deleniti. Possimus ipsam quasi laboriosam optio atque.',0,1,'2016-01-06 00:00:00'),(98,41,97,'Magni est veritatis voluptatem cumque officiis autem non. Sunt cumque officia est odit maiores dolor vel tenetur. Repudiandae labore voluptatibus ad accusantium.',1,0,'2012-06-12 00:00:00'),(99,60,9,'Laudantium deleniti est autem est voluptas modi. At debitis unde animi ea explicabo voluptas. Ea rerum itaque omnis non dolorum eos.',1,0,'2010-03-15 00:00:00'),(100,65,97,'Accusamus et dolorum veniam laboriosam possimus. Nam cum vero hic labore est. Illum distinctio asperiores rerum omnis odio molestias voluptate.',0,0,'1973-10-31 00:00:00');
/*!40000 ALTER TABLE `messages` ENABLE KEYS */;
UNLOCK TABLES;

--
-- Table structure for table `profiles`
--

DROP TABLE IF EXISTS `profiles`;
/*!40101 SET @saved_cs_client     = @@character_set_client */;
/*!50503 SET character_set_client = utf8mb4 */;
CREATE TABLE `profiles` (
  `user_id` int unsigned NOT NULL,
  `gender` enum('f','m') COLLATE utf8mb4_unicode_ci DEFAULT NULL,
  `city` varchar(150) CHARACTER SET utf8mb4 COLLATE utf8mb4_unicode_ci NOT NULL,
  `country` varchar(150) CHARACTER SET utf8mb4 COLLATE utf8mb4_unicode_ci NOT NULL,
  `created_at` datetime DEFAULT CURRENT_TIMESTAMP,
  `updated_at` datetime DEFAULT CURRENT_TIMESTAMP ON UPDATE CURRENT_TIMESTAMP,
  PRIMARY KEY (`user_id`)
) ENGINE=InnoDB DEFAULT CHARSET=utf8mb4 COLLATE=utf8mb4_unicode_ci;
/*!40101 SET character_set_client = @saved_cs_client */;

--
-- Dumping data for table `profiles`
--

LOCK TABLES `profiles` WRITE;
/*!40000 ALTER TABLE `profiles` DISABLE KEYS */;
INSERT INTO `profiles` VALUES (1,'f','North Isobel','EUROPE','1983-03-20 15:50:44','2021-04-26 09:32:43'),(2,'m','East Dustyberg','USA','2011-02-12 11:57:23','2021-04-26 09:32:43'),(3,'f','Uptonbury','USA','2018-06-22 17:40:52','2021-04-26 09:32:43'),(4,'m','West Edythestad','USA','2000-01-30 00:54:13','2021-04-26 09:32:43'),(5,'f','North Davonton','China','1973-11-20 07:25:25','2021-04-26 09:32:43'),(6,'f','Francoland','EUROPE','2018-03-25 12:57:59','2021-04-26 09:32:43'),(7,'m','Drewstad','EUROPE','1974-11-08 04:34:52','2021-04-26 09:32:43'),(8,'m','Clarabellebury','USA','2003-02-08 17:38:12','2021-04-26 09:32:43'),(9,'m','West Beatricefurt','EUROPE','2008-04-08 17:48:54','2021-04-26 09:32:43'),(10,'m','Gutmannton','USA','1985-10-20 12:48:07','2021-04-26 09:32:43'),(11,'m','Malachiview','USA','1980-11-02 02:12:04','2021-04-26 09:32:43'),(12,'m','Duanehaven','USA','1986-12-26 21:33:47','2021-04-26 09:32:43'),(13,'f','New Dudley','EUROPE','2000-09-11 22:26:15','2021-04-26 09:32:43'),(14,'f','Reingerberg','China','1985-10-28 01:03:10','2021-04-26 09:32:43'),(15,'m','Lake Wileyburgh','EUROPE','2014-12-07 01:06:00','2021-04-26 09:32:43'),(16,'m','Bogisichport','China','1977-05-10 20:35:47','2021-04-26 09:32:43'),(17,'f','Port Mabelland','China','1973-09-07 19:42:57','2021-04-26 09:32:43'),(18,'m','Mustafafort','EUROPE','1970-08-11 09:15:29','2021-04-26 09:32:43'),(19,'f','New Euna','China','2014-01-07 15:02:25','2021-04-26 09:32:43'),(20,'f','Stammside','EUROPE','1983-10-19 05:28:41','2021-04-26 09:32:43'),(21,'m','Prosaccobury','EUROPE','2000-03-11 00:43:25','2021-04-26 09:32:43'),(22,'f','West Bud','EUROPE','2013-06-15 23:11:40','2021-04-26 09:32:43'),(23,'m','Orinfort','EUROPE','2016-04-20 18:47:56','2021-04-26 09:32:43'),(24,'m','West Todchester','China','1980-09-22 22:32:48','2021-04-26 09:32:43'),(25,'f','New Eddberg','EUROPE','2013-10-23 00:05:09','2021-04-26 09:32:43'),(26,'f','Port Eliane','USA','2002-10-07 09:14:37','2021-04-26 09:32:43'),(27,'m','Barbaraport','USA','1970-06-27 20:23:18','2021-04-26 09:32:43'),(28,'m','Enaview','China','1996-09-26 10:22:32','2021-04-26 09:32:43'),(29,'m','Paucekland','USA','2009-03-09 19:33:56','2021-04-26 09:32:43'),(30,'m','Jenkinsland','China','2004-07-09 00:12:45','2021-04-26 09:32:43'),(31,'f','South Kennithfurt','EUROPE','1972-11-18 20:08:13','2021-04-26 09:32:43'),(32,'m','West Glennaburgh','EUROPE','1995-09-05 17:58:19','2021-04-26 09:32:43'),(33,'f','Abbottside','EUROPE','1983-11-04 19:24:37','2021-04-26 09:32:43'),(34,'f','Lake Valerie','USA','1978-11-07 04:44:24','2021-04-26 09:32:43'),(35,'m','South Jodie','China','2002-11-03 01:21:18','2021-04-26 09:32:43'),(36,'m','West Leonardo','USA','1993-02-28 18:38:25','2021-04-26 09:32:43'),(37,'f','Port Janessahaven','China','1988-10-29 11:13:01','2021-04-26 09:32:43'),(38,'m','Hoseafort','USA','2001-09-06 06:44:13','2021-04-26 09:32:43'),(39,'f','Marianechester','EUROPE','1974-04-05 00:56:14','2021-04-26 09:32:43'),(40,'m','Lake Evan','USA','1980-09-30 14:25:16','2021-04-26 09:32:43'),(41,'m','New Vada','USA','1991-08-19 17:06:29','2021-04-26 09:32:43'),(42,'f','Port Emelyhaven','EUROPE','1989-01-31 20:02:26','2021-04-26 09:32:43'),(43,'m','Kovacekfurt','USA','2004-04-06 16:07:20','2021-04-26 09:32:43'),(44,'m','New Rosie','USA','2016-09-30 12:24:18','2021-04-26 09:32:43'),(45,'f','Sengermouth','China','1989-12-22 11:24:55','2021-04-26 09:32:43'),(46,'m','New Eddieton','China','2001-10-24 07:26:59','2021-04-26 09:32:43'),(47,'f','North Dangelomouth','China','1998-01-16 16:02:11','2021-04-26 09:32:43'),(48,'f','Kiehnfort','USA','1990-12-18 16:38:39','2021-04-26 09:32:43'),(49,'f','New Mark','EUROPE','1981-05-24 22:45:52','2021-04-26 09:32:43'),(50,'m','Port Kiarrachester','EUROPE','2012-10-02 06:17:11','2021-04-26 09:32:43'),(51,'f','North Lolita','USA','1980-11-08 10:49:38','2021-04-26 09:32:43'),(52,'f','Darylside','USA','1982-03-11 02:10:39','2021-04-26 09:32:43'),(53,'f','Faymouth','EUROPE','2017-05-14 06:34:13','2021-04-26 09:32:43'),(54,'m','Port Stonetown','EUROPE','1976-01-19 21:01:38','2021-04-26 09:32:43'),(55,'f','New Kaleighborough','China','2017-11-20 18:24:32','2021-04-26 09:32:43'),(56,'f','New Jaydonmouth','China','1994-01-15 03:04:52','2021-04-26 09:32:43'),(57,'f','Port Molly','EUROPE','1983-10-03 11:51:57','2021-04-26 09:32:43'),(58,'m','Lonzochester','China','1987-05-23 20:28:30','2021-04-26 09:32:43'),(59,'m','Sharonside','USA','2016-06-12 21:18:18','2021-04-26 09:32:43'),(60,'f','New Noah','USA','2002-04-20 00:27:27','2021-04-26 09:32:43'),(61,'f','Leanneville','USA','2007-04-07 05:59:02','2021-04-26 09:32:43'),(62,'f','Darianstad','China','2012-07-02 18:10:26','2021-04-26 09:32:43'),(63,'f','Maiyashire','USA','2018-06-08 04:35:53','2021-04-26 09:32:43'),(64,'f','West Howellfurt','EUROPE','2010-03-06 15:52:56','2021-04-26 09:32:43'),(65,'m','Lauraton','USA','2017-01-12 22:41:35','2021-04-26 09:32:43'),(66,'f','North Darlene','EUROPE','1998-05-27 00:27:06','2021-04-26 09:32:43'),(67,'m','Zellatown','China','1993-09-19 20:38:56','2021-04-26 09:32:43'),(68,'f','Gabriellehaven','China','1987-03-27 12:11:21','2021-04-26 09:32:43'),(69,'m','New Ted','EUROPE','1984-01-24 04:54:32','2021-04-26 09:32:43'),(70,'f','Brendonbury','China','1996-10-30 12:47:04','2021-04-26 09:32:43'),(71,'f','East Demondstad','EUROPE','2007-09-26 21:05:24','2021-04-26 09:32:43'),(72,'m','Ritchieborough','USA','2014-11-26 02:43:17','2021-04-26 09:32:43'),(73,'f','Wardmouth','China','2005-07-16 23:26:30','2021-04-26 09:32:43'),(74,'f','Halvorsonville','USA','1978-09-23 00:23:56','2021-04-26 09:32:43'),(75,'f','North Deven','EUROPE','1991-02-05 17:41:23','2021-04-26 09:32:43'),(76,'m','West Anthonyview','China','1998-06-29 00:34:41','2021-04-26 09:32:43'),(77,'m','North Bulahfort','China','1993-11-19 04:19:15','2021-04-26 09:32:43'),(78,'f','South Malikaside','China','2004-06-30 05:40:39','2021-04-26 09:32:43'),(79,'f','Katherinefort','China','1970-09-01 22:59:46','2021-04-26 09:32:43'),(80,'f','East Margot','EUROPE','1997-08-28 16:59:38','2021-04-26 09:32:43'),(81,'m','Lake Hilma','USA','1997-09-21 16:15:07','2021-04-26 09:32:43'),(82,'m','Vernashire','China','2011-06-01 03:42:49','2021-04-26 09:32:43'),(83,'f','Nelsonton','EUROPE','1995-10-01 23:26:02','2021-04-26 09:32:43'),(84,'m','Kreigerstad','EUROPE','2008-02-28 12:25:51','2021-04-26 09:32:43'),(85,'f','North Gordonland','USA','1996-01-15 15:11:58','2021-04-26 09:32:43'),(86,'m','East Turner','EUROPE','2013-01-27 05:00:27','2021-04-26 09:32:43'),(87,'m','North Laurynport','China','2017-12-08 01:44:10','2021-04-26 09:32:43'),(88,'f','Rowlandfort','USA','1982-07-13 17:49:10','2021-04-26 09:32:43'),(89,'m','Onaberg','USA','1995-08-01 06:08:01','2021-04-26 09:32:43'),(90,'f','South Bella','EUROPE','2007-09-19 22:16:06','2021-04-26 09:32:43'),(91,'f','Toneyshire','USA','1972-03-27 19:45:10','2021-04-26 09:32:43'),(92,'m','Lake Verniceberg','USA','2000-03-14 22:01:01','2021-04-26 09:32:43'),(93,'m','West Gage','USA','1970-07-10 10:26:51','2021-04-26 09:32:43'),(94,'f','Port Madaline','China','1988-09-13 00:33:41','2021-04-26 09:32:43'),(95,'f','East Linnieport','USA','2009-01-14 04:43:30','2021-04-26 09:32:43'),(96,'f','North Beaulah','EUROPE','1987-03-24 17:29:05','2021-04-26 09:32:43'),(97,'m','Feeneyburgh','China','2016-05-10 14:32:31','2021-04-26 09:32:43'),(98,'m','Sauerview','China','2005-07-26 08:22:52','2021-04-26 09:32:43'),(99,'m','Kemmerfort','China','1972-06-23 10:06:14','2021-04-26 09:32:43'),(100,'f','West Juliusstad','EUROPE','1983-09-12 03:33:46','2021-04-26 09:32:43');
/*!40000 ALTER TABLE `profiles` ENABLE KEYS */;
UNLOCK TABLES;

--
-- Table structure for table `users`
--

DROP TABLE IF EXISTS `users`;
/*!40101 SET @saved_cs_client     = @@character_set_client */;
/*!50503 SET character_set_client = utf8mb4 */;
CREATE TABLE `users` (
  `id` int unsigned NOT NULL AUTO_INCREMENT,
  `first_name` varchar(150) CHARACTER SET utf8mb4 COLLATE utf8mb4_unicode_ci NOT NULL,
  `last_name` varchar(150) CHARACTER SET utf8mb4 COLLATE utf8mb4_unicode_ci NOT NULL,
  `email` varchar(150) CHARACTER SET utf8mb4 COLLATE utf8mb4_unicode_ci NOT NULL,
  `phone` varchar(30) CHARACTER SET utf8mb4 COLLATE utf8mb4_unicode_ci NOT NULL,
  `created_at` datetime DEFAULT CURRENT_TIMESTAMP,
  `updated_at` datetime DEFAULT CURRENT_TIMESTAMP ON UPDATE CURRENT_TIMESTAMP,
  PRIMARY KEY (`id`),
  UNIQUE KEY `email` (`email`),
  UNIQUE KEY `phone` (`phone`)
) ENGINE=InnoDB AUTO_INCREMENT=101 DEFAULT CHARSET=utf8mb4 COLLATE=utf8mb4_unicode_ci;
/*!40101 SET character_set_client = @saved_cs_client */;

--
-- Dumping data for table `users`
--

LOCK TABLES `users` WRITE;
/*!40000 ALTER TABLE `users` DISABLE KEYS */;
INSERT INTO `users` VALUES (1,'Lucius','Pfannerstill','missouri47@example.net','1-470-577-0793x94372','2015-04-04 06:24:34','2018-07-12 06:26:44'),(2,'Jayde','Greenfelder','fcole@example.net','638.006.3823x603','2019-06-30 08:22:23','2021-04-26 09:16:23'),(3,'Howard','Davis','watsica.curt@example.net','550.543.6123x5290','2011-10-23 01:15:13','2016-10-21 09:11:01'),(4,'Frieda','Zemlak','koby.johnson@example.net','141.979.8903','2012-04-06 01:51:10','2014-08-22 13:35:39'),(5,'Lisandro','Pagac','eldred.doyle@example.com','(245)847-2220','2018-09-06 04:29:18','2021-04-26 09:16:23'),(6,'Victor','Grady','thahn@example.net','(078)971-6136x7116','2019-05-06 19:32:07','2021-04-26 09:16:23'),(7,'Lue','Gerhold','dayton.nader@example.com','018-582-9649x763','2015-06-22 08:55:02','2020-11-25 07:48:07'),(8,'Rylan','Crona','torp.grady@example.org','(464)465-2548','2012-03-27 22:52:07','2016-07-11 06:55:59'),(9,'Lorenzo','Hickle','soledad31@example.com','1-874-619-5184x774','2015-03-09 02:13:41','2018-12-18 08:41:57'),(10,'Edmund','Daugherty','skyla.spencer@example.org','596.827.4534','2015-06-06 16:16:46','2018-05-02 19:25:24'),(11,'Rosella','Murazik','mitchell.lempi@example.net','215-934-3226x1217','2015-07-24 00:03:56','2018-07-08 08:16:53'),(12,'Carole','Hilpert','maxime.grady@example.com','061-529-9812x382','2020-10-25 23:37:04','2021-04-26 09:16:23'),(13,'Conner','Rowe','vwisoky@example.com','513-322-1984','2013-08-03 04:03:27','2021-04-26 09:16:23'),(14,'Jeffery','Blanda','schamberger.dashawn@example.org','+39(9)1490667193','2019-10-23 16:22:47','2021-04-26 09:16:23'),(15,'Felipa','Greenfelder','littel.stanton@example.net','675.709.1469x4004','2020-08-09 16:05:39','2021-04-26 09:16:23'),(16,'Sunny','Stoltenberg','wthompson@example.com','058-054-3022','2014-02-16 11:20:45','2021-02-14 21:33:02'),(17,'Monique','Prohaska','verona55@example.org','492.234.2807x6771','2017-11-03 01:51:31','2019-02-11 16:38:30'),(18,'Kaylin','Price','herzog.tyrell@example.org','634-066-5985x576','2018-10-08 00:41:55','2021-04-26 09:16:23'),(19,'Calista','Cummings','emilia.spinka@example.com','1-745-170-1106','2019-08-19 13:08:03','2021-04-26 09:16:23'),(20,'Larissa','Heaney','toni.hilll@example.org','349-728-4720','2014-06-18 03:17:53','2021-04-26 09:16:23'),(21,'Rodolfo','Lind','derdman@example.com','346.109.6705','2011-09-11 16:34:18','2021-04-18 10:25:31'),(22,'Cristopher','Marks','llang@example.com','854.916.8443','2016-09-08 15:01:29','2019-04-11 14:21:25'),(23,'Evalyn','Abbott','feil.montana@example.com','1-287-753-1310','2021-01-09 19:38:37','2021-04-26 09:16:23'),(24,'Ambrose','Halvorson','rick.reichel@example.org','04915756489','2012-04-22 01:35:29','2014-01-01 13:57:35'),(25,'Maia','Ebert','emilia92@example.com','(558)003-1979x341','2015-09-21 20:29:45','2017-04-09 06:24:46'),(26,'Dovie','Littel','wyman.shanie@example.org','1-406-598-7893','2019-04-23 23:27:19','2021-04-26 09:16:23'),(27,'Sofia','Thiel','favian46@example.com','03355156715','2014-04-06 18:21:06','2016-03-31 18:24:41'),(28,'Berta','Luettgen','rkovacek@example.org','1-023-443-1897','2013-05-13 22:47:42','2019-09-07 22:43:58'),(29,'Brice','Ernser','monserrate.nitzsche@example.org','1-096-090-5232x5110','2015-06-29 21:44:13','2017-03-18 09:34:04'),(30,'Melany','Bode','hallie64@example.com','(709)156-2591x230','2012-04-16 02:34:37','2017-10-24 05:02:08'),(31,'Kailey','Williamson','vhammes@example.net','223.746.8825','2018-10-21 06:46:00','2020-08-23 15:38:06'),(32,'Carey','Stamm','keebler.herminio@example.net','(344)836-9103x6186','2015-08-01 05:33:50','2019-02-01 11:07:19'),(33,'Terrell','Greenfelder','mstreich@example.org','110-035-6233x8397','2012-02-27 04:32:06','2018-09-10 05:41:54'),(34,'Emilio','Goldner','bobby62@example.net','1-075-582-7891x01988','2016-11-05 10:10:01','2021-04-26 09:16:23'),(35,'Linwood','Rutherford','emmie77@example.com','09245011242','2012-09-09 23:16:14','2019-09-17 17:43:26'),(36,'Matilda','Dickens','amoore@example.com','+09(7)2345901859','2014-02-08 16:16:20','2016-12-31 20:35:55'),(37,'Lyric','Welch','twaters@example.net','555-842-5790x833','2020-07-07 02:13:02','2021-04-26 09:16:23'),(38,'Hank','Sanford','bbogisich@example.com','544-093-8904x02219','2013-12-13 18:26:18','2014-12-10 03:52:49'),(39,'Ciara','Kulas','pharvey@example.org','1-782-749-0572','2015-03-05 04:17:17','2016-01-18 07:11:36'),(40,'Justus','Jakubowski','lucie.trantow@example.net','+81(5)0240242607','2012-10-20 00:59:22','2013-06-23 08:50:12'),(41,'Gerry','O\'Connell','theo07@example.com','521.240.6470x773','2013-08-11 15:36:27','2018-02-08 20:37:14'),(42,'Ocie','Macejkovic','traynor@example.org','1-748-298-0614','2018-01-05 11:33:53','2021-04-26 09:16:23'),(43,'Annamae','Bergnaum','jimmy.becker@example.com','(168)526-0201x1416','2015-03-04 17:37:03','2016-12-26 20:14:59'),(44,'Morton','Rogahn','morissette.sanford@example.net','(476)022-2373x25999','2011-10-08 20:55:58','2015-04-18 09:00:21'),(45,'Eula','McDermott','timmy80@example.com','793.603.3876x02341','2020-08-14 07:11:26','2021-04-26 09:16:23'),(46,'Nora','Roob','jeffry.rempel@example.net','(833)641-1594','2012-01-02 14:38:07','2018-09-11 00:58:44'),(47,'America','Shanahan','erdman.clovis@example.net','741.902.4716x290','2021-03-08 05:46:42','2021-04-26 09:16:23'),(48,'Gerhard','Fahey','elliot.jast@example.net','287.022.4013x0787','2014-04-14 04:22:24','2018-02-02 17:38:11'),(49,'Americo','Waelchi','horacio97@example.com','(495)223-6535x187','2012-12-25 04:43:44','2018-02-13 06:59:46'),(50,'Era','Moen','violet.cormier@example.com','+23(7)6784261304','2020-04-15 21:22:13','2021-04-26 09:16:23'),(51,'Lessie','Raynor','obotsford@example.org','493.848.6169x42227','2019-12-09 11:02:09','2021-04-26 09:16:23'),(52,'Lucas','Spinka','elias43@example.net','1-837-171-0416','2013-05-06 19:26:14','2021-04-26 09:16:23'),(53,'Gladys','Swift','anne44@example.com','+88(6)2265354471','2018-08-09 18:41:26','2021-04-26 09:16:23'),(54,'Clara','Erdman','gleichner.jaqueline@example.com','+42(2)9862626164','2021-01-30 13:38:54','2021-04-26 09:16:23'),(55,'Zack','Zemlak','shayna.predovic@example.com','(392)499-5893x3202','2017-08-09 18:11:14','2021-04-26 09:16:23'),(56,'Estell','Robel','dominic.ferry@example.net','+39(3)4786942814','2014-03-17 03:12:10','2018-12-13 09:10:44'),(57,'Jed','McCullough','nmann@example.com','1-735-297-3878','2016-09-18 07:21:52','2021-04-26 09:16:23'),(58,'Samanta','Beahan','heller.brooke@example.net','(820)994-4933','2011-12-23 18:42:28','2012-09-23 21:49:47'),(59,'Leilani','Bogisich','anabel36@example.org','08348296818','2020-12-13 10:48:25','2021-04-26 09:16:23'),(60,'Lois','Leffler','lubowitz.alvah@example.org','+82(4)0460905976','2011-10-30 07:23:28','2013-08-26 00:15:41'),(61,'Henri','Abernathy','lhickle@example.com','(429)702-9998x6814','2016-10-30 23:32:40','2017-11-01 04:28:11'),(62,'Arnaldo','Hirthe','wsanford@example.net','548-888-1124x1809','2012-07-11 03:12:49','2016-03-29 18:13:54'),(63,'Paris','Turcotte','cormier.ahmed@example.net','1-927-866-5844x79483','2013-08-20 07:12:40','2016-02-10 18:10:48'),(64,'Dewayne','DuBuque','cale.hoppe@example.org','823-101-8523','2016-06-10 17:13:53','2017-01-16 23:46:33'),(65,'Maynard','Nolan','cloyd65@example.org','502-877-9533x951','2015-04-06 06:35:53','2017-10-21 11:11:21'),(66,'Candice','Conroy','heaney.opal@example.org','1-967-059-4270','2018-09-15 15:39:44','2021-04-26 09:16:23'),(67,'Derek','Marvin','magali20@example.com','596-918-5248','2012-03-19 11:27:21','2021-02-21 23:10:54'),(68,'Jayde','Schmidt','kiel.larson@example.org','600-197-9196','2019-07-02 15:51:22','2019-10-24 23:32:28'),(69,'Bo','Muller','pasquale25@example.net','425-540-2067x8467','2011-06-30 13:12:30','2011-12-05 14:07:10'),(70,'Jordy','Brakus','gabe.homenick@example.net','1-997-790-9175','2011-10-26 07:18:28','2021-04-26 09:16:23'),(71,'Lawrence','Conroy','djacobson@example.org','1-260-824-7518','2013-05-20 15:00:06','2014-10-03 02:24:48'),(72,'Eliezer','Sanford','zzulauf@example.net','07836835407','2013-11-18 15:43:30','2018-05-04 03:24:18'),(73,'Hailee','Balistreri','mckenna.hamill@example.com','(807)359-5658x9525','2015-08-15 10:20:17','2021-04-26 09:16:23'),(74,'Mallie','Dach','lilian83@example.org','541-506-5739x943','2016-02-26 23:32:46','2021-04-26 09:16:23'),(75,'Alexandro','Bergstrom','pfeffer.shania@example.com','422.618.8714','2018-05-25 12:43:18','2020-10-24 04:30:33'),(76,'Ramiro','Torp','marcelina22@example.com','597.721.4549','2011-08-16 04:43:24','2020-11-23 14:48:11'),(77,'Lazaro','Dickinson','paucek.jaylan@example.net','(136)264-2167','2019-06-09 05:47:51','2021-04-26 09:16:23'),(78,'Troy','Medhurst','eda42@example.com','04762174663','2013-11-06 00:30:56','2016-06-26 02:39:48'),(79,'Jenifer','Larkin','lakin.orville@example.org','504.956.7278','2015-02-23 14:34:36','2021-04-26 09:16:23'),(80,'Aracely','Rolfson','norris66@example.net','090.920.8937x14564','2019-05-02 07:56:55','2021-04-26 09:16:23'),(81,'Dane','Bauch','erick.breitenberg@example.net','022-614-9349x2219','2017-02-17 19:49:05','2020-03-15 02:22:41'),(82,'Linnea','Greenfelder','schmeler.june@example.org','1-567-885-5493x98914','2016-10-02 12:22:20','2021-04-26 09:16:23'),(83,'Rosalyn','Kemmer','schinner.trisha@example.org','(631)570-5872x730','2016-06-08 23:07:09','2021-04-26 09:16:23'),(84,'Marge','Daugherty','king.granville@example.net','(856)410-8625','2017-09-01 08:10:37','2021-04-26 09:16:23'),(85,'Sonny','Klocko','cyrus25@example.com','1-882-497-3738x588','2015-07-02 12:13:51','2019-08-21 01:58:44'),(86,'Dorian','Brown','elton.nikolaus@example.org','02454325903','2013-10-06 11:09:58','2020-05-28 07:57:54'),(87,'Jacynthe','Grimes','skiles.ashlee@example.net','1-641-780-2815','2013-05-11 10:57:54','2016-10-20 23:56:35'),(88,'Mazie','Bergnaum','hettinger.rey@example.org','07680463244','2016-02-25 02:26:57','2017-09-09 16:54:48'),(89,'Bennett','Gerlach','arianna43@example.org','187.573.0673x13609','2017-11-08 01:53:19','2021-04-26 09:16:23'),(90,'Hailie','Cronin','baby99@example.org','006.229.0366x8194','2018-07-06 11:45:58','2021-04-26 09:16:23'),(91,'Francesca','Williamson','tjohns@example.org','1-106-551-3685x6528','2016-06-04 07:52:51','2021-04-26 09:16:23'),(92,'Zack','Dare','gwalker@example.org','(242)807-0798','2015-02-17 15:47:02','2021-04-26 09:16:23'),(93,'Jeffery','Abshire','ahmad.ortiz@example.net','1-053-875-6040','2018-04-22 02:33:57','2021-04-26 09:16:23'),(94,'Selena','Stiedemann','rbeer@example.com','450-191-0475x0356','2011-12-14 01:28:05','2016-07-01 19:45:47'),(95,'Pearline','Upton','edwina60@example.org','128-205-8879x08502','2015-06-11 22:29:08','2021-04-26 09:16:23'),(96,'Jacques','Blick','qquitzon@example.org','04443639119','2012-08-14 08:05:33','2020-12-23 13:41:18'),(97,'Ella','Huels','connie.ortiz@example.com','001-125-5407x56076','2020-02-10 12:23:56','2021-04-26 09:16:23'),(98,'Rosamond','Emard','jeramy58@example.com','(570)786-8978x6159','2016-05-29 07:49:28','2018-09-14 17:46:45'),(99,'Bailee','Romaguera','aleen10@example.net','421.806.1450x08145','2011-08-19 10:19:04','2013-03-29 23:55:10'),(100,'Elisa','Walsh','schuppe.serenity@example.net','01504521023','2017-08-16 06:28:23','2017-11-08 16:09:16');
/*!40000 ALTER TABLE `users` ENABLE KEYS */;
UNLOCK TABLES;

--
-- Dumping routines for database 'vk'
--
/*!40103 SET TIME_ZONE=@OLD_TIME_ZONE */;

/*!40101 SET SQL_MODE=@OLD_SQL_MODE */;
/*!40014 SET FOREIGN_KEY_CHECKS=@OLD_FOREIGN_KEY_CHECKS */;
/*!40014 SET UNIQUE_CHECKS=@OLD_UNIQUE_CHECKS */;
/*!40101 SET CHARACTER_SET_CLIENT=@OLD_CHARACTER_SET_CLIENT */;
/*!40101 SET CHARACTER_SET_RESULTS=@OLD_CHARACTER_SET_RESULTS */;
/*!40101 SET COLLATION_CONNECTION=@OLD_COLLATION_CONNECTION */;
/*!40111 SET SQL_NOTES=@OLD_SQL_NOTES */;

-- Dump completed on 2021-04-26 12:19:56
